<?xml version='1.0' encoding='UTF-8' ?>
<timeLogEntries>
  <time id="1" path="/monitoreo-banco/PSP0/Planning" start="@1599867896851" delta="18" />
  <time id="2" path="/monitoreo-banco/PSP0/Planning" start="@1599953454478" delta="51" interrupt="7" />
  <time id="3" path="/monitoreo-banco/PSP0/Planning" start="@1599958057060" delta="23" />
  <time id="4" path="/monitoreo-banco/PSP0/Planning" start="@1599959958845" delta="5" />
  <time id="5" path="/monitoreo-banco/PSP0/Planning" start="@1600477077085" delta="95" />
  <time id="6" path="/monitoreo-banco/PSP0/Planning" start="@1600538384524" delta="12" interrupt="213" />
  <time id="7" path="/monitoreo-banco/PSP0/Code" start="@1600719570842" delta="19" />
  <time id="8" path="/monitoreo-banco/PSP0/Design" start="@1600811994305" delta="21" />
  <time id="9" path="/monitoreo-banco/PSP0/Design" start="@1600813721488" delta="9" />
  <time id="10" path="/monitoreo-banco/PSP0/Design" start="@1600815467228" delta="26" />
  <time id="11" path="/monitoreo-banco/PSP0/Design" start="@1600823628190" delta="46" />
  <time id="12" path="/monitoreo-banco/PSP0/Design" start="@1600913207751" delta="17" />
  <time id="13" path="/monitoreo-banco/PSP0/Design" start="@1600917558122" delta="20" interrupt="35" />
  <time id="14" path="/monitoreo-banco/PSP0/Design" start="@1600991889576" delta="19" interrupt="1" />
  <time id="15" path="/monitoreo-banco/PSP0/Design" start="@1600994903116" delta="19" />
  <time id="16" path="/monitoreo-banco/PSP0/Design" start="@1600996511034" delta="73" />
  <time id="17" path="/monitoreo-banco/PSP0/Design" start="@1601051425976" delta="40" interrupt="8" />
  <time id="18" path="/monitoreo-banco/PSP0/Design" start="@1601055833611" delta="32" />
  <time id="19" path="/monitoreo-banco/PSP0/Code" start="@1601057811545" delta="52" />
  <time id="20" path="/monitoreo-banco/PSP0/Code" start="@1601163791329" delta="52" />
  <time id="21" path="/monitoreo-banco/PSP0/Design" start="@1601343814654" delta="27" />
  <time id="22" path="/monitoreo-banco/PSP0/Test" start="@1601404191466" delta="61" />
  <time id="23" path="/monitoreo-banco/PSP0/Design" start="@1601425670500" delta="42" />
  <time id="24" path="/monitoreo-banco/PSP0/Code" start="@1601428442156" delta="12" />
  <time id="25" path="/monitoreo-banco/PSP0/Design" start="@1601431735009" delta="43" />
  <time id="26" path="/monitoreo-banco/PSP0/Code" start="@1601471109901" delta="17" interrupt="4" />
  <time id="27" path="/monitoreo-banco/PSP0/Code" start="@1601494068572" delta="159" interrupt="22" />
  <time id="28" path="/monitoreo-banco/PSP0/Code" start="@1601512106097" delta="25" />
  <time id="29" path="/monitoreo-banco/PSP0/Postmortem" start="@1601514532213" delta="13" />
  <time id="30" path="/monitoreo-banco/PSP0/Code" start="@1601515295228" delta="141" interrupt="3" />
</timeLogEntries>
